id,name,subtitle,price,status,tagLeft,tagRight,desc,mainImage,gallery,cardSpecs_pena,cardSpecs_material,cardSpecs_recarga,specs,highlights
titanium-stealth,"Titanium Stealth Minimalist","Titanium Aero G5 Edition","Sob Consulta","EDIÇÃO LIMITADA • EM BREVE","EDIÇÃO LIMITADA","ESGOTADO","Design ultra-leve de precisão usinado em titânio aeroespacial Grau 5 com equilíbrio de peso milimétrico. Desenvolvida para máxima estabilidade em traços técnicos de longa duração.","https://caneta-five.vercel.app/assets/raw_files/pen_silver.jpg","https://caneta-five.vercel.app/assets/raw_files/pen_silver.jpg, https://caneta-five.vercel.app/assets/raw_files/pen_black.jpg, https://caneta-five.vercel.app/assets/raw_files/pen_gold.jpg","Ouro 18k Fine","Titânio G5","Tinteiro / Pistão","Pena: Ouro 18k Fine Usinado; Corpo: Titânio Aeroespacial Grau 5; Peso: 14.2 gramas; Mecanismo: Trava Magnética Neodímo; Sistema de Tinta: Pistão Hidráulico Contínuo; Resistência: IPX8","solar:shield-check-bold-duotone | Garantia Vitalícia | Estrutura indestrutível em titânio Grau 5; solar:tuning-bold-duotone | Equilíbrio Micrométrico | Centro de gravidade ajustado a 45%; solar:stars-bold-duotone | Edição Numerada | Cada peça possui seu número de série exclusivo"
precision-ceramic,"Precision Ceramic Matte","Zirconia Black Matte Edition","Sob Consulta","NOVO LANÇAMENTO • EM BREVE","NOVO LANÇAMENTO","EM BREVE","Revestimento cerâmico de zircônia de alta resistência com acabamento fosco aveludado anti-impressão digital e mecanismo retrátil hidráulico suave.","https://caneta-five.vercel.app/assets/raw_files/pen_black.jpg","https://caneta-five.vercel.app/assets/raw_files/pen_black.jpg, https://caneta-five.vercel.app/assets/raw_files/pen_carbon.jpg, https://caneta-five.vercel.app/assets/raw_files/pen_blue.jpg","Aço Inox M","Cerâmica Zircônia","Rollerball G2","Pena: Aço Inoxidável Polido M; Corpo: Cerâmica de Zircônia Negra; Peso: 18.5 gramas; Mecanismo: Retrátil Hidráulico; Sistema de Tinta: Refil Rollerball G2 ISO; Resistência: Anti-risco & Térmico","solar:shield-check-bold-duotone | Cerâmica Zircônia | Material ultra-resistente à abrasão e quedas; solar:tuning-bold-duotone | Mecanismo Hidráulico | Avanço de ponta silencioso amortecido; solar:stars-bold-duotone | Sensação Aveludada | Textura acetinada"
obsidian-gold,"Obsidian Vintage Gold","Brushed Brass Heritage Edition","Sob Consulta","COLEÇÃO 2026 • ESGOTADO","COLEÇÃO 2026","ESGOTADO","Acabamento de latão maciço usinado antireflexo com gravura ornamental clássica e sistema de amortecimento tátil ao escrever.","https://caneta-five.vercel.app/assets/raw_files/pen_gold.jpg","https://caneta-five.vercel.app/assets/raw_files/pen_gold.jpg, https://caneta-five.vercel.app/assets/raw_files/pen_bronze.jpg, https://caneta-five.vercel.app/assets/raw_files/pen_rosegold.jpg","Carbon EF","Latão Escovado","Esferográfica","Pena: Carbon Extra Fine (EF); Corpo: Latão Maciço Usinado; Peso: 26.8 gramas; Mecanismo: Tampa Rosqueada; Sistema de Tinta: Conversor Esferográfico; Resistência: Pátina Natural","solar:shield-check-bold-duotone | Latão Nobre | Desenvolve uma pátina única com o tempo de uso; solar:tuning-bold-duotone | Gravura Ornamental | Detalhes entalhados à mão; solar:stars-bold-duotone | Pena Carbon EF | Ponta de alta densidade"
pearl-white,"CAROLINE Pearl White","White Silk Ceramic Edition","Sob Consulta","EXCLUSIVO • DISPONÍVEL","EXCLUSIVO","DISPONÍVEL","Corpo de cerâmica branca perolada com brilho acetinado e clipe cromado. Proporciona suavidade máxima ao deslizar em papéis nobres.","https://caneta-five.vercel.app/assets/raw_files/pen_pearl.jpg","https://caneta-five.vercel.app/assets/raw_files/pen_pearl.jpg, https://caneta-five.vercel.app/assets/raw_files/pen_silver.jpg, https://caneta-five.vercel.app/assets/raw_files/pen_rosegold.jpg","Titânio F","Cerâmica Pérola","Pistão Direto","Pena: Titânio F (Fine); Corpo: Cerâmica Pérola Maciça; Peso: 16.0 gramas; Mecanismo: Encaixe Magnético; Sistema de Tinta: Pistão Direto; Resistência: Resistente a U.V.","solar:shield-check-bold-duotone | Cerâmica Pérola | Brilho acetinado e acabamento sedoso; solar:tuning-bold-duotone | Deslize Fluido | Pena de titânio calibrada; solar:stars-bold-duotone | Design Atemporal | Estética minimalista"
rose-copper,"CAROLINE Rose Copper","Anodized Rose Gold Edition","Sob Consulta","SÉRIE ESPECIAL • EM BREVE","SÉRIE ESPECIAL","EM BREVE","Liga refinada de cobre e ouro rosa com ranhuras táteis na empunhadura para controle cirúrgico do traço.","https://caneta-five.vercel.app/assets/raw_files/pen_rosegold.jpg","https://caneta-five.vercel.app/assets/raw_files/pen_rosegold.jpg, https://caneta-five.vercel.app/assets/raw_files/pen_gold.jpg, https://caneta-five.vercel.app/assets/raw_files/pen_pearl.jpg","Ouro Rosa 18k","Cobre Anodizado","Cartucho Padrão","Pena: Ouro Rosa 18k; Corpo: Liga Cobre-Ouro Anodizada; Peso: 21.4 gramas; Mecanismo: Rosca de Precisão; Sistema de Tinta: Cartucho / Conversor; Resistência: Tratamento Anódico","solar:shield-check-bold-duotone | Ouro Rosa 18k | Pena banhada em liga especial; solar:tuning-bold-duotone | Empunhadura Ranhurada | Micro-sulcos na zona de pega; solar:stars-bold-duotone | Série Limitada | Produção restrita"
carbon-stealth,"CAROLINE Carbon Stealth","3K Carbon Fiber Edition","Sob Consulta","EDIÇÃO LIMITADA • ESGOTADO","EDIÇÃO LIMITADA","ESGOTADO","Trama bidirecional em fibra de carbono real 3K com detalhes em aço usinado. Pesa surpreendentes 11.8 gramas.","https://caneta-five.vercel.app/assets/raw_files/pen_carbon.jpg","https://caneta-five.vercel.app/assets/raw_files/pen_carbon.jpg, https://caneta-five.vercel.app/assets/raw_files/pen_black.jpg, https://caneta-five.vercel.app/assets/raw_files/pen_silver.jpg","Carbono F","Fibra 3K","Rollerball Tech","Pena: Liga Carbono F; Corpo: Fibra de Carbono 3K; Peso: 11.8 gramas; Mecanismo: Click Ultrassônico; Sistema de Tinta: Rollerball Hi-Tech; Resistência: Ultra Rígido","solar:shield-check-bold-duotone | Carbono 3K | Mesmo material utilizado em supercarros; solar:tuning-bold-duotone | Ultra Leveza | Apenas 11.8 gramas; solar:stars-bold-duotone | Visual Tecnológico | Trama entrelaçada visível"
bronze-heritage,"CAROLINE Bronze Heritage","Aged Bronze Collector Edition","Sob Consulta","HERITAGE • ESGOTADO","HERITAGE","ESGOTADO","Pena de ouro maciço com corpo pesado usinado em bronze escuro envelhecido com textura rústica e colecionável.","https://caneta-five.vercel.app/assets/raw_files/pen_bronze.jpg","https://caneta-five.vercel.app/assets/raw_files/pen_bronze.jpg, https://caneta-five.vercel.app/assets/raw_files/pen_gold.jpg, https://caneta-five.vercel.app/assets/raw_files/pen_green.jpg","Ouro 24k Flex","Bronze Antigo","Conversor Deluxe","Pena: Ouro 24k Flexível; Corpo: Bronze Patinado Antigo; Peso: 29.5 gramas; Mecanismo: Tampa de Encaixe Firme; Sistema de Tinta: Conversor Deluxe de Vidro; Resistência: Tratamento Vintage","solar:shield-check-bold-duotone | Ouro 24k Flex | Pena maleável que varia a espessura da linha; solar:tuning-bold-duotone | Textura Antiga | Acabamento artesanal envelhecido; solar:stars-bold-duotone | Item de Colecionador | Peça rara"
midnight-navy,"CAROLINE Midnight Navy","Deep Navy Anodized Edition","Sob Consulta","LANÇAMENTO • EM BREVE","LANÇAMENTO","EM BREVE","Acabamento metálico azul noturno fosco com anel central serrilhado em aço inoxidável cirúrgico.","https://caneta-five.vercel.app/assets/raw_files/pen_blue.jpg","https://caneta-five.vercel.app/assets/raw_files/pen_blue.jpg, https://caneta-five.vercel.app/assets/raw_files/pen_black.jpg, https://caneta-five.vercel.app/assets/raw_files/pen_carbon.jpg","Cobalto EF","Alumínio Azul","Gel Hi-Tech","Pena: Cobalto Extra Fine; Corpo: Alumínio Anodizado Azul; Peso: 15.3 gramas; Mecanismo: Torção Suave; Sistema de Tinta: Gel Fluido Secagem Rápida; Resistência: Resistente a Risco","solar:shield-check-bold-duotone | Azul Noturno Metálico | Tom azul profundo com brilho acetinado; solar:tuning-bold-duotone | Tinta Gel Rápida | Secagem instantânea; solar:stars-bold-duotone | Anel Serrilhado | Detalhes usinados"
emerald-sovereign,"CAROLINE Emerald Sovereign","Deep Emerald Lacquer Edition","Sob Consulta","EXCLUSIVO • EM BREVE","EXCLUSIVO","EM BREVE","Corpo laqueado em verde esmeralda profundo com detalhes banhados em ouro 18k e alimentador por capilaridade.","https://caneta-five.vercel.app/assets/raw_files/pen_green.jpg","https://caneta-five.vercel.app/assets/raw_files/pen_green.jpg, https://caneta-five.vercel.app/assets/raw_files/pen_gold.jpg, https://caneta-five.vercel.app/assets/raw_files/pen_bronze.jpg","Ouro 18k Broad","Laca Esmeralda","Tinteiro Premium","Pena: Ouro 18k Broad (B); Corpo: Laca Verde Esmeralda; Peso: 23.0 gramas; Mecanismo: Tampa com Rosca Tripla; Sistema de Tinta: Alimentador Capilar Premium; Resistência: Laca Multicamadas","solar:shield-check-bold-duotone | Laca Esmeralda | Múltiplas camadas de laca vegetal polidas; solar:tuning-bold-duotone | Pena Broad 18k | Fluxo abundante de tinta; solar:stars-bold-duotone | Detalhes em Ouro | Anéis e clipe folheados a ouro"
